,country,week,NO2,PM2.5,Date of Restrictions,Level,Week of Restrictions,Restrictions,Restriction Week Counter
0,Argentina,1,9.85,79.01388889,3/21/20,National,12,No,
1,Argentina,2,8.432539683,65.11904762,3/21/20,National,12,No,
2,Argentina,3,6.671428571,27.41666667,3/21/20,National,12,No,
3,Argentina,4,6.5,23.75,3/21/20,National,12,No,
4,Argentina,5,5.178571429,26.08333333,3/21/20,National,12,No,
5,Argentina,6,4.82202381,18.85714286,3/21/20,National,12,No,
6,Argentina,7,6.69047619,21.45833333,3/21/20,National,12,No,
7,Argentina,8,6.05952381,26.60714286,3/21/20,National,12,No,
8,Argentina,9,5.69047619,37.39484127,3/21/20,National,12,No,
9,Argentina,10,4.416666667,36.09126984,3/21/20,National,12,No,
10,Argentina,11,6.357142857,38.45238095,3/21/20,National,12,No,
11,Argentina,12,4.5,29.23809524,3/21/20,National,12,Yes,1
12,Argentina,13,3.0555555560000003,30.3,3/21/20,National,12,Yes,2
13,Australia,1,4.0255555560000005,46.15,3/23/20,National,13,No,
14,Australia,2,5.560952381,49.29801587,3/23/20,National,13,No,
15,Australia,3,6.052380952,44.28603175,3/23/20,National,13,No,
16,Australia,4,5.951428571,27.44285714,3/23/20,National,13,No,
17,Australia,5,6.247142857,26.20238095,3/23/20,National,13,No,
18,Australia,6,5.473809524,30.47857143,3/23/20,National,13,No,
19,Australia,7,5.194444444,23.28015873,3/23/20,National,13,No,
20,Australia,8,5.395238095,22.9452381,3/23/20,National,13,No,
21,Australia,9,6.561587302,20.90595238,3/23/20,National,13,No,
22,Australia,10,5.666666667,23.96428571,3/23/20,National,13,No,
23,Australia,11,5.897619047999999,21.40238095,3/23/20,National,13,No,
24,Australia,12,5.985714286,21.27261905,3/23/20,National,13,No,
25,Australia,13,5.237777778,24.56333333,3/23/20,National,13,Yes,1
26,Bolivia,1,8.6,24.91666667,3/22/20,National,13,No,
27,Bolivia,2,7.928571429,26.95714286,3/22/20,National,13,No,
28,Bolivia,3,9.585714286,29.82142857,3/22/20,National,13,No,
29,Bolivia,4,10.60714286,30.07380952,3/22/20,National,13,No,
30,Bolivia,5,7.828571429,30.24404762,3/22/20,National,13,No,
31,Bolivia,6,9.410714286000001,33.12202381,3/22/20,National,13,No,
32,Bolivia,7,11.35714286,37.25595238,3/22/20,National,13,No,
33,Bolivia,8,7.5,38.88988095,3/22/20,National,13,No,
34,Bolivia,9,9.785714286000001,32.49404762,3/22/20,National,13,No,
35,Bolivia,10,6.535714286,37.22619048,3/22/20,National,13,No,
36,Bolivia,11,4.321428571,34.50595238,3/22/20,National,13,No,
37,Bolivia,12,6.214285714,40.68452381,3/22/20,National,13,No,
38,Bolivia,13,5.0,32.45,3/22/20,National,13,Yes,1
39,Brazil,1,11.6875,50.5625,3/17/20,State,12,No,
40,Brazil,2,17.01785714,60.07142857,3/17/20,State,12,No,
41,Brazil,3,14.10119048,58.38690476,3/17/20,State,12,No,
42,Brazil,4,14.98809524,51.375,3/17/20,State,12,No,
43,Brazil,5,15.71428571,53.98214286,3/17/20,State,12,No,
44,Brazil,6,13.875,47.69642857,3/17/20,State,12,No,
45,Brazil,7,14.73928571,52.095238099999996,3/17/20,State,12,No,
46,Brazil,8,12.85714286,58.33333333,3/17/20,State,12,No,
47,Brazil,9,12.07142857,49.09821429,3/17/20,State,12,No,
48,Brazil,10,11.30357143,48.80357143,3/17/20,State,12,No,
49,Brazil,11,11.71428571,60.0,3/17/20,State,12,No,
50,Brazil,12,10.42261905,49.18452381,3/17/20,State,12,Yes,1
51,Brazil,13,16.0,40.4,3/17/20,State,12,Yes,2
52,Canada,1,9.954166667,22.19270833,3/25/20,National,13,No,
53,Canada,2,12.08630952,27.02678571,3/25/20,National,13,No,
54,Canada,3,12.5297619,30.98214286,3/25/20,National,13,No,
55,Canada,4,17.32142857,33.095238099999996,3/25/20,National,13,No,
56,Canada,5,14.63690476,26.53571429,3/25/20,National,13,No,
57,Canada,6,11.86011905,25.07440476,3/25/20,National,13,No,
58,Canada,7,11.71428571,35.88988095,3/25/20,National,13,No,
59,Canada,8,11.98214286,30.91071429,3/25/20,National,13,No,
60,Canada,9,10.61309524,29.4047619,3/25/20,National,13,No,
61,Canada,10,9.133928571,25.36309524,3/25/20,National,13,No,
62,Canada,11,8.383928571,26.73809524,3/25/20,National,13,No,
63,Canada,12,9.761904762,30.79166667,3/25/20,National,13,No,
64,Canada,13,8.7125,30.01666667,3/25/20,National,13,Yes,1
65,Chile,1,12.0,61.0,3/19/20,National,12,No,
66,Chile,2,18.38095238,73.71428571,3/19/20,National,12,No,
67,Chile,3,16.57142857,75.48412698,3/19/20,National,12,No,
68,Chile,4,11.14285714,75.39682540000001,3/19/20,National,12,No,
69,Chile,5,10.78571429,61.85714286,3/19/20,National,12,No,
70,Chile,6,13.71428571,70.19047619,3/19/20,National,12,No,
71,Chile,7,16.82857143,89.77777778,3/19/20,National,12,No,
72,Chile,8,18.14285714,82.02380952,3/19/20,National,12,No,
73,Chile,9,15.76190476,82.71428571,3/19/20,National,12,No,
74,Chile,10,17.66666667,95.95238095,3/19/20,National,12,No,
75,Chile,11,19.72380952,94.52380952,3/19/20,National,12,No,
76,Chile,12,16.85714286,93.41269841,3/19/20,National,12,Yes,1
77,Chile,13,13.4,85.8,3/19/20,National,12,Yes,2
78,China,1,29.47166667,143.9888889,1/23/20,City,4,No,
79,China,2,21.42,105.4031746,1/23/20,City,4,No,
80,China,3,22.89047619,150.71428569999998,1/23/20,City,4,No,
81,China,4,17.13809524,137.9952381,1/23/20,City,4,Yes,1
82,China,5,12.94444444,147.0,1/23/20,City,4,Yes,2
83,China,6,11.77619048,105.2,1/23/20,City,4,Yes,3
84,China,7,13.86190476,135.1952381,1/23/20,City,4,Yes,4
85,China,8,13.86666667,90.59523809999999,1/23/20,City,4,Yes,5
86,China,9,12.88095238,110.065873,1/23/20,City,4,Yes,6
87,China,10,12.92380952,98.60952381,1/23/20,City,4,Yes,7
88,China,11,14.9952381,102.1238095,1/23/20,City,4,Yes,8
89,China,12,16.82857143,115.92380949999999,1/23/20,City,4,Yes,9
90,China,13,15.12,107.75666670000001,1/23/20,City,4,Yes,10
91,Colombia,1,12.2,66.0,3/24/20,National,13,No,
92,Colombia,2,14.57142857,74.71428571,3/24/20,National,13,No,
93,Colombia,3,16.57142857,84.0,3/24/20,National,13,No,
94,Colombia,4,14.14285714,84.71428571,3/24/20,National,13,No,
95,Colombia,5,14.0,77.0,3/24/20,National,13,No,
96,Colombia,6,18.8,105.1428571,3/24/20,National,13,No,
97,Colombia,7,19.28571429,118.42857140000001,3/24/20,National,13,No,
98,Colombia,8,19.42857143,100.57142859999999,3/24/20,National,13,No,
99,Colombia,9,16.42857143,110.42857140000001,3/24/20,National,13,No,
100,Colombia,10,20.71428571,131.8571429,3/24/20,National,13,No,
101,Colombia,11,12.71428571,144.1428571,3/24/20,National,13,No,
102,Colombia,12,13.42857143,145.5714286,3/24/20,National,13,No,
103,Colombia,13,7.6,126.6,3/24/20,National,13,Yes,1
104,Czech Republic,1,13.5,76.79166667,3/16/20,National,12,No,
105,Czech Republic,2,12.71428571,39.14285714,3/16/20,National,12,No,
106,Czech Republic,3,14.0952381,92.52380952,3/16/20,National,12,No,
107,Czech Republic,4,14.95238095,69.27619048,3/16/20,National,12,No,
108,Czech Republic,5,10.0952381,46.0,3/16/20,National,12,No,
109,Czech Republic,6,8.761904762,27.14285714,3/16/20,National,12,No,
110,Czech Republic,7,8.857142857000001,53.71428571,3/16/20,National,12,No,
111,Czech Republic,8,8.428571429,25.28571429,3/16/20,National,12,No,
112,Czech Republic,9,7.761904762,17.35714286,3/16/20,National,12,No,
113,Czech Republic,10,9.571428571,30.34285714,3/16/20,National,12,No,
114,Czech Republic,11,8.904761905,29.54761905,3/16/20,National,12,No,
115,Czech Republic,12,12.76190476,70.0,3/16/20,National,12,Yes,1
116,Czech Republic,13,8.2,61.0,3/16/20,National,12,Yes,2
117,Denmark,1,9.6,45.25,3/11/20,National,11,No,
118,Denmark,2,15.71428571,33.28571429,3/11/20,National,11,No,
119,Denmark,3,13.71428571,32.85714286,3/11/20,National,11,No,
120,Denmark,4,13.28571429,30.14285714,3/11/20,National,11,No,
121,Denmark,5,12.57142857,34.42857143,3/11/20,National,11,No,
122,Denmark,6,11.71428571,30.57142857,3/11/20,National,11,No,
123,Denmark,7,11.28571429,33.85714286,3/11/20,National,11,No,
124,Denmark,8,9.857142857000001,32.71428571,3/11/20,National,11,No,
125,Denmark,9,13.85714286,29.85714286,3/11/20,National,11,No,
126,Denmark,10,15.71428571,40.57142857,3/11/20,National,11,No,
127,Denmark,11,10.0,30.57142857,3/11/20,National,11,Yes,1
128,Denmark,12,9.142857142999999,31.42857143,3/11/20,National,11,Yes,2
129,Denmark,13,11.4,43.6,3/11/20,National,11,Yes,3
130,Egypt,1,5.2,,3/19/20,National,12,No,
131,Egypt,2,8.714285713999999,,3/19/20,National,12,No,
132,Egypt,3,8.285714286000001,,3/19/20,National,12,No,
133,Egypt,4,8.428571429,,3/19/20,National,12,No,
134,Egypt,5,7.571428571,,3/19/20,National,12,No,
135,Egypt,6,8.142857142999999,,3/19/20,National,12,No,
136,Egypt,7,11.14285714,,3/19/20,National,12,No,
137,Egypt,8,8.714285713999999,,3/19/20,National,12,No,
138,Egypt,9,8.714285713999999,,3/19/20,National,12,No,
139,Egypt,10,8.714285713999999,,3/19/20,National,12,No,
140,Egypt,11,8.0,,3/19/20,National,12,No,
141,Egypt,12,11.28571429,,3/19/20,National,12,Yes,1
142,Egypt,13,3.8,,3/19/20,National,12,Yes,2
143,Finland,1,4.5,21.3125,3/27/20,Regional,13,No,
144,Finland,2,8.178571429,22.28571429,3/27/20,Regional,13,No,
145,Finland,3,5.321428571,23.14285714,3/27/20,Regional,13,No,
146,Finland,4,5.821428571,15.21428571,3/27/20,Regional,13,No,
147,Finland,5,5.714285714,23.89285714,3/27/20,Regional,13,No,
148,Finland,6,6.75,17.03571429,3/27/20,Regional,13,No,
149,Finland,7,6.321428571,24.60714286,3/27/20,Regional,13,No,
150,Finland,8,4.5,24.21428571,3/27/20,Regional,13,No,
151,Finland,9,7.678571429,22.89285714,3/27/20,Regional,13,No,
152,Finland,10,8.214285713999999,23.42857143,3/27/20,Regional,13,No,
153,Finland,11,5.428571429,27.21428571,3/27/20,Regional,13,No,
154,Finland,12,6.071428571,21.64285714,3/27/20,Regional,13,No,
155,Finland,13,4.1,28.25,3/27/20,Regional,13,Yes,1
156,France,1,16.84027778,65.796875,3/17/20,National,12,No,
157,France,2,17.31428571,50.77857143,3/17/20,National,12,No,
158,France,3,14.72380952,37.23511905,3/17/20,National,12,No,
159,France,4,17.99206349,80.66964286,3/17/20,National,12,No,
160,France,5,16.35714286,43.19047619,3/17/20,National,12,No,
161,France,6,15.92857143,43.00595238,3/17/20,National,12,No,
162,France,7,13.36507937,35.54642857,3/17/20,National,12,No,
163,France,8,16.07275132,33.54761905,3/17/20,National,12,No,
164,France,9,13.73412698,31.4375,3/17/20,National,12,No,
165,France,10,13.21230159,27.73968254,3/17/20,National,12,No,
166,France,11,12.45634921,33.28571429,3/17/20,National,12,No,
167,France,12,11.75529101,56.0625,3/17/20,National,12,Yes,1
168,France,13,7.188888888999999,54.09166667,3/17/20,National,12,Yes,2
169,Germany,1,12.33,67.66666667,3/20/20,State,12,No,
170,Germany,2,12.6952381,43.38095238,3/20/20,State,12,No,
171,Germany,3,12.50952381,45.19047619,3/20/20,State,12,No,
172,Germany,4,17.5547619,64.0,3/20/20,State,12,No,
173,Germany,5,9.747619047999999,35.0,3/20/20,State,12,No,
174,Germany,6,13.88333333,40.0,3/20/20,State,12,No,
175,Germany,7,9.342857143,30.28571429,3/20/20,State,12,No,
176,Germany,8,8.452380952,18.904761899999997,3/20/20,State,12,No,
177,Germany,9,10.01904762,21.80952381,3/20/20,State,12,No,
178,Germany,10,12.08333333,32.76190476,3/20/20,State,12,No,
179,Germany,11,9.876190476,22.66666667,3/20/20,State,12,No,
180,Germany,12,12.45238095,53.0,3/20/20,State,12,Yes,1
181,Germany,13,11.15,45.13333333,3/20/20,State,12,Yes,2
182,Greece,1,,18.41666667,3/23/20,National,13,No,
183,Greece,2,12.6,31.91964286,3/23/20,National,13,No,
184,Greece,3,6.428571429,27.85714286,3/23/20,National,13,No,
185,Greece,4,14.28571429,40.46428571,3/23/20,National,13,No,
186,Greece,5,14.33333333,40.63690476,3/23/20,National,13,No,
187,Greece,6,11.0,29.88095238,3/23/20,National,13,No,
188,Greece,7,12.66666667,37.25,3/23/20,National,13,No,
189,Greece,8,10.2,34.58928571,3/23/20,National,13,No,
190,Greece,9,12.85714286,31.5,3/23/20,National,13,No,
191,Greece,10,10.28571429,33.21428571,3/23/20,National,13,No,
192,Greece,11,11.0,35.55,3/23/20,National,13,No,
193,Greece,12,7.0,42.45833333,3/23/20,National,13,No,
194,Greece,13,,37.8,3/23/20,National,13,Yes,1
195,Hungary,1,14.67916667,83.75,3/28/20,National,13,No,
196,Hungary,2,19.71428571,106.42857140000001,3/28/20,National,13,No,
197,Hungary,3,13.21428571,86.85714286,3/28/20,National,13,No,
198,Hungary,4,17.89285714,103.8,3/28/20,National,13,No,
199,Hungary,5,15.35714286,61.14285714,3/28/20,National,13,No,
200,Hungary,6,10.35,29.95238095,3/28/20,National,13,No,
201,Hungary,7,12.95238095,42.0,3/28/20,National,13,No,
202,Hungary,8,15.85714286,57.28571429,3/28/20,National,13,No,
203,Hungary,9,10.92857143,35.05952381,3/28/20,National,13,No,
204,Hungary,10,13.53571429,48.53571429,3/28/20,National,13,No,
205,Hungary,11,17.53571429,51.57142857,3/28/20,National,13,No,
206,Hungary,12,19.57142857,76.35714286,3/28/20,National,13,No,
207,Hungary,13,6.7,46.8,3/28/20,National,13,Yes,1
208,India,1,18.75833333,167.52777780000002,3/24/20,National,13,No,
209,India,2,16.37797619,132.9833333,3/24/20,National,13,No,
210,India,3,14.9375,133.8095238,3/24/20,National,13,No,
211,India,4,15.35416667,135.42460319999998,3/24/20,National,13,No,
212,India,5,15.45714286,138.82857140000002,3/24/20,National,13,No,
213,India,6,15.75238095,143.4952381,3/24/20,National,13,No,
214,India,7,19.74761905,147.93333330000002,3/24/20,National,13,No,
215,India,8,19.81428571,144.2730159,3/24/20,National,13,No,
216,India,9,18.99047619,141.0190476,3/24/20,National,13,No,
217,India,10,12.84761905,123.512381,3/24/20,National,13,No,
218,India,11,12.21428571,112.59047620000001,3/24/20,National,13,No,
219,India,12,13.26666667,121.50476189999999,3/24/20,National,13,No,
220,India,13,5.78,96.6,3/24/20,National,13,Yes,1
221,Iran,1,64.6,94.53125,2/22/20,National,8,No,
222,Iran,2,63.07142857,91.03214286,2/22/20,National,8,No,
223,Iran,3,65.26190476,94.29464286,2/22/20,National,8,No,
224,Iran,4,67.47619048,94.15178571,2/22/20,National,8,No,
225,Iran,5,79.42857143,100.4241071,2/22/20,National,8,No,
226,Iran,6,65.16666667,79.11607143,2/22/20,National,8,No,
227,Iran,7,36.901587299999996,62.31696429,2/22/20,National,8,No,
228,Iran,8,38.14285714,92.35714286,2/22/20,National,8,Yes,1
229,Iran,9,39.01587302,85.55654762,2/22/20,National,8,Yes,2
230,Iran,10,33.38095238,75.01785714,2/22/20,National,8,Yes,3
231,Iran,11,37.22222222,68.75,2/22/20,National,8,Yes,4
232,Iran,12,22.53968254,68.72321429,2/22/20,National,8,Yes,5
233,Iran,13,19.04444444,59.5125,2/22/20,National,8,Yes,6
234,Ireland,1,7.0,41.33333333,3/28/20,National,13,No,
235,Ireland,2,6.75,16.8,3/28/20,National,13,No,
236,Ireland,3,4.8,13.8,3/28/20,National,13,No,
237,Ireland,4,14.5,70.5,3/28/20,National,13,No,
238,Ireland,5,5.5,15.0,3/28/20,National,13,No,
239,Ireland,6,11.66666667,40.8,3/28/20,National,13,No,
240,Ireland,7,,,3/28/20,National,13,No,
241,Ireland,8,,,3/28/20,National,13,No,
242,Ireland,9,5.285714286,23.0,3/28/20,National,13,No,
243,Ireland,10,14.4,31.0,3/28/20,National,13,No,
244,Ireland,11,4.333333333,16.66666667,3/28/20,National,13,No,
245,Ireland,12,6.8,21.8,3/28/20,National,13,No,
246,Ireland,13,8.2,51.0,3/28/20,National,13,Yes,1
247,Israel,1,32.26666667,60.5,3/19/20,City,12,No,
248,Israel,2,79.42857143,63.0,3/19/20,City,12,No,
249,Israel,3,83.0,82.71428571,3/19/20,City,12,No,
250,Israel,4,30.52380952,61.42857143,3/19/20,City,12,No,
251,Israel,5,24.14285714,67.28571429,3/19/20,City,12,No,
252,Israel,6,22.42857143,70.04761905,3/19/20,City,12,No,
253,Israel,7,27.04761905,67.19047619,3/19/20,City,12,No,
254,Israel,8,24.04761905,85.95238095,3/19/20,City,12,No,
255,Israel,9,24.19047619,79.57142857,3/19/20,City,12,No,
256,Israel,10,28.52380952,76.51428571,3/19/20,City,12,No,
257,Israel,11,22.1984127,91.04761905,3/19/20,City,12,No,
258,Israel,12,14.42857143,61.53174603,3/19/20,City,12,Yes,1
259,Israel,13,14.8,74.13333333,3/19/20,City,12,Yes,2
260,Italy,1,27.6,117.28125,3/4/20,National,10,No,
261,Italy,2,25.89285714,104.9419643,3/4/20,National,10,No,
262,Italy,3,25.47619048,113.2678571,3/4/20,National,10,No,
263,Italy,4,33.71428571,98.41071429,3/4/20,National,10,No,
264,Italy,5,30.04761905,97.60714286,3/4/20,National,10,No,
265,Italy,6,27.14285714,71.10714286,3/4/20,National,10,No,
266,Italy,7,29.28571429,73.08928571,3/4/20,National,10,No,
267,Italy,8,31.8015873,88.73214286,3/4/20,National,10,No,
268,Italy,9,23.1984127,67.51785714,3/4/20,National,10,No,
269,Italy,10,22.83333333,56.10357143,3/4/20,National,10,Yes,1
270,Italy,11,21.38095238,63.72857143,3/4/20,National,10,Yes,2
271,Italy,12,19.23809524,75.46428571,3/4/20,National,10,Yes,3
272,Italy,13,11.37777778,51.00625,3/4/20,National,10,Yes,4
273,Japan,1,14.99,48.2625,3/2/20,National,10,No,
274,Japan,2,22.70714286,41.77142857,3/2/20,National,10,No,
275,Japan,3,24.26547619,49.64047619,3/2/20,National,10,No,
276,Japan,4,22.44285714,54.52261905,3/2/20,National,10,No,
277,Japan,5,18.41428571,31.725,3/2/20,National,10,No,
278,Japan,6,19.3,48.95,3/2/20,National,10,No,
279,Japan,7,28.64285714,57.74285714,3/2/20,National,10,No,
280,Japan,8,20.77142857,49.36428571,3/2/20,National,10,No,
281,Japan,9,22.13095238,45.35714286,3/2/20,National,10,No,
282,Japan,10,17.82142857,45.73571429,3/2/20,National,10,Yes,1
283,Japan,11,21.07142857,44.11428571,3/2/20,National,10,Yes,2
284,Japan,12,19.02142857,47.17857143,3/2/20,National,10,Yes,3
285,Japan,13,21.47,51.8,3/2/20,National,10,Yes,4
286,Jordan,1,9.5,,3/21/20,National,12,No,
287,Jordan,2,8.630952381,,3/21/20,National,12,No,
288,Jordan,3,9.107142857000001,,3/21/20,National,12,No,
289,Jordan,4,8.392857142999999,,3/21/20,National,12,No,
290,Jordan,5,9.577380952,,3/21/20,National,12,No,
291,Jordan,6,9.525,,3/21/20,National,12,No,
292,Jordan,7,9.607142857000001,,3/21/20,National,12,No,
293,Jordan,8,9.107142857000001,,3/21/20,National,12,No,
294,Jordan,9,9.404761905,,3/21/20,National,12,No,
295,Jordan,10,10.70238095,,3/21/20,National,12,No,
296,Jordan,11,9.654761905,,3/21/20,National,12,No,
297,Jordan,12,5.94047619,,3/21/20,National,12,Yes,1
298,Jordan,13,5.375,,3/21/20,National,12,Yes,2
299,Kuwait,1,17.0,71.36111111,3/12/20,National,11,No,
300,Kuwait,2,30.85714286,76.57142857,3/12/20,National,11,No,
301,Kuwait,3,21.33333333,79.34920635,3/12/20,National,11,No,
302,Kuwait,4,24.16666667,68.33333333,3/12/20,National,11,No,
303,Kuwait,5,20.71428571,75.42857143,3/12/20,National,11,No,
304,Kuwait,6,21.28571429,79.71428571,3/12/20,National,11,No,
305,Kuwait,7,23.6,71.23809524,3/12/20,National,11,No,
306,Kuwait,8,23.14285714,65.37301587,3/12/20,National,11,No,
307,Kuwait,9,22.57142857,68.66666667,3/12/20,National,11,No,
308,Kuwait,10,22.0,68.38095238,3/12/20,National,11,No,
309,Kuwait,11,21.85714286,63.71428571,3/12/20,National,11,Yes,1
310,Kuwait,12,16.33333333,60.50793651,3/12/20,National,11,Yes,2
311,Kuwait,13,25.4,63.13333333,3/12/20,National,11,Yes,3
312,Mexico,1,10.8,50.46527778,3/24/20,National,13,No,
313,Mexico,2,16.5,71.59333333,3/24/20,National,13,No,
314,Mexico,3,13.86904762,75.65079365,3/24/20,National,13,No,
315,Mexico,4,15.77142857,61.32698413,3/24/20,National,13,No,
316,Mexico,5,18.20238095,62.78888889,3/24/20,National,13,No,
317,Mexico,6,18.01547619,63.24761905,3/24/20,National,13,No,
318,Mexico,7,21.88214286,67.12380952,3/24/20,National,13,No,
319,Mexico,8,23.98809524,70.23650794,3/24/20,National,13,No,
320,Mexico,9,21.08333333,63.8968254,3/24/20,National,13,No,
321,Mexico,10,21.72619048,66.15238095,3/24/20,National,13,No,
322,Mexico,11,21.1952381,63.43333333,3/24/20,National,13,No,
323,Mexico,12,19.04166667,56.26507937,3/24/20,National,13,No,
324,Mexico,13,22.4875,58.55666667,3/24/20,National,13,Yes,1
325,Netherlands,1,12.6,73.42708333,3/10/20,National,11,No,
326,Netherlands,2,14.41071429,37.80952381,3/10/20,National,11,No,
327,Netherlands,3,12.13392857,30.82619048,3/10/20,National,11,No,
328,Netherlands,4,22.66071429,72.38095238,3/10/20,National,11,No,
329,Netherlands,5,10.625,36.74404762,3/10/20,National,11,No,
330,Netherlands,6,15.28571429,47.29166667,3/10/20,National,11,No,
331,Netherlands,7,9.107142857000001,33.69642857,3/10/20,National,11,No,
332,Netherlands,8,7.910714286,32.85119048,3/10/20,National,11,No,
333,Netherlands,9,10.96428571,30.14880952,3/10/20,National,11,No,
334,Netherlands,10,13.05357143,38.07142857,3/10/20,National,11,No,
335,Netherlands,11,9.785714286000001,32.28571429,3/10/20,National,11,Yes,1
336,Netherlands,12,10.08928571,36.98214286,3/10/20,National,11,Yes,2
337,Netherlands,13,10.425,50.26666667,3/10/20,National,11,Yes,3
338,New Zealand,1,1.333333333,33.0,3/26/20,National,13,No,
339,New Zealand,2,1.428571429,43.0,3/26/20,National,13,No,
340,New Zealand,3,1.571428571,38.14285714,3/26/20,National,13,No,
341,New Zealand,4,1.380952381,39.0,3/26/20,National,13,No,
342,New Zealand,5,1.857142857,33.85714286,3/26/20,National,13,No,
343,New Zealand,6,1.5,37.0,3/26/20,National,13,No,
344,New Zealand,7,2.111111111,46.0,3/26/20,National,13,No,
345,New Zealand,8,1.25,,3/26/20,National,13,No,
346,New Zealand,9,1.357142857,,3/26/20,National,13,No,
347,New Zealand,10,1.657142857,28.0,3/26/20,National,13,No,
348,New Zealand,11,2.055555556,73.5,3/26/20,National,13,No,
349,New Zealand,12,2.3015873019999997,50.71428571,3/26/20,National,13,No,
350,New Zealand,13,1.6,49.4,3/26/20,National,13,Yes,1
351,Peru,1,6.6,49.58333333,3/16/20,National,12,No,
352,Peru,2,7.428571429,44.42857143,3/16/20,National,12,No,
353,Peru,3,10.14285714,51.33333333,3/16/20,National,12,No,
354,Peru,4,9.571428571,55.04761905,3/16/20,National,12,No,
355,Peru,5,7.428571429,50.23809524,3/16/20,National,12,No,
356,Peru,6,11.0,49.61904762,3/16/20,National,12,No,
357,Peru,7,10.0,60.71428571,3/16/20,National,12,No,
358,Peru,8,8.428571429,42.35714286,3/16/20,National,12,No,
359,Peru,9,6.857142857,40.92857143,3/16/20,National,12,No,
360,Peru,10,7.5,50.35714286,3/16/20,National,12,No,
361,Peru,11,,45.95238095,3/16/20,National,12,No,
362,Peru,12,,39.0,3/16/20,National,12,Yes,1
363,Peru,13,,36.6,3/16/20,National,12,Yes,2
364,Philippines,1,5.233333333,66.0,3/16/20,Regional,12,No,
365,Philippines,2,5.849206349,51.28571429,3/16/20,Regional,12,No,
366,Philippines,3,6.523809524,54.5,3/16/20,Regional,12,No,
367,Philippines,4,6.277777778,38.23809524,3/16/20,Regional,12,No,
368,Philippines,5,5.8888888889999995,40.16666667,3/16/20,Regional,12,No,
369,Philippines,6,8.258730159,75.40476190000001,3/16/20,Regional,12,No,
370,Philippines,7,8.055555556,75.46428571,3/16/20,Regional,12,No,
371,Philippines,8,8.003968254,50.72380952,3/16/20,Regional,12,No,
372,Philippines,9,9.297619048,71.96428571,3/16/20,Regional,12,No,
373,Philippines,10,8.80952381,58.3968254,3/16/20,Regional,12,No,
374,Philippines,11,5.349206349,90.07142857,3/16/20,Regional,12,No,
375,Philippines,12,7.5,90.64285714,3/16/20,Regional,12,Yes,1
376,Philippines,13,4.8,81.1,3/16/20,Regional,12,Yes,2
377,Poland,1,12.4,93.625,3/13/20,National,11,No,
378,Poland,2,14.0,93.0,3/13/20,National,11,No,
379,Poland,3,17.35714286,111.6428571,3/13/20,National,11,No,
380,Poland,4,13.78571429,99.5,3/13/20,National,11,No,
381,Poland,5,13.57142857,78.0,3/13/20,National,11,No,
382,Poland,6,15.46428571,66.42857143,3/13/20,National,11,No,
383,Poland,7,11.14285714,63.07142857,3/13/20,National,11,No,
384,Poland,8,13.21428571,61.78571429,3/13/20,National,11,No,
385,Poland,9,14.64285714,57.28571429,3/13/20,National,11,No,
386,Poland,10,17.57142857,72.14285714,3/13/20,National,11,No,
387,Poland,11,12.5,62.0,3/13/20,National,11,Yes,1
388,Poland,12,13.78571429,82.78571429,3/13/20,National,11,Yes,2
389,Poland,13,10.1,71.8,3/13/20,National,11,Yes,3
390,Portugal,1,17.1,122.41666670000001,3/19/20,National,12,No,
391,Portugal,2,13.57142857,77.62857143,3/19/20,National,12,No,
392,Portugal,3,13.35714286,96.21428571,3/19/20,National,12,No,
393,Portugal,4,14.35714286,71.57142857,3/19/20,National,12,No,
394,Portugal,5,11.92857143,70.35714286,3/19/20,National,12,No,
395,Portugal,6,17.57142857,70.75,3/19/20,National,12,No,
396,Portugal,7,16.35714286,68.28571429,3/19/20,National,12,No,
397,Portugal,8,15.28571429,73.21428571,3/19/20,National,12,No,
398,Portugal,9,14.0,67.71428571,3/19/20,National,12,No,
399,Portugal,10,11.14285714,46.57142857,3/19/20,National,12,No,
400,Portugal,11,11.71428571,55.07142857,3/19/20,National,12,No,
401,Portugal,12,11.28571429,60.28571429,3/19/20,National,12,Yes,1
402,Portugal,13,6.333333333,50.225,3/19/20,National,12,Yes,2
403,Russia,1,10.03333333,33.9837963,3/30/20,Regional,14,No,
404,Russia,2,14.82142857,41.66269841,3/30/20,Regional,14,No,
405,Russia,3,15.0,31.1547619,3/30/20,Regional,14,No,
406,Russia,4,13.33928571,30.28333333,3/30/20,Regional,14,No,
407,Russia,5,15.5,61.73677249,3/30/20,Regional,14,No,
408,Russia,6,14.97619048,29.31349206,3/30/20,Regional,14,No,
409,Russia,7,16.0952381,41.29365079,3/30/20,Regional,14,No,
410,Russia,8,15.52380952,40.82142857,3/30/20,Regional,14,No,
411,Russia,9,15.11904762,38.06481481,3/30/20,Regional,14,No,
412,Russia,10,12.64285714,42.90873016,3/30/20,Regional,14,No,
413,Russia,11,13.9047619,39.20502646,3/30/20,Regional,14,No,
414,Russia,12,8.0,26.39285714,3/30/20,Regional,14,No,
415,Russia,13,9.225,25.05,3/30/20,Regional,14,No,
416,Saudi Arabia,1,11.5,,3/15/20,City,12,No,
417,Saudi Arabia,2,7.080357143,,3/15/20,City,12,No,
418,Saudi Arabia,3,9.136904762,,3/15/20,City,12,No,
419,Saudi Arabia,4,6.916666667,,3/15/20,City,12,No,
420,Saudi Arabia,5,7.125,,3/15/20,City,12,No,
421,Saudi Arabia,6,6.5,,3/15/20,City,12,No,
422,Saudi Arabia,7,5.083333333,,3/15/20,City,12,No,
423,Saudi Arabia,8,4.981944444,,3/15/20,City,12,No,
424,Saudi Arabia,9,6.505555556,,3/15/20,City,12,No,
425,Saudi Arabia,10,5.0384920630000005,,3/15/20,City,12,No,
426,Saudi Arabia,11,4.575,,3/15/20,City,12,No,
427,Saudi Arabia,12,3.145833333,,3/15/20,City,12,Yes,1
428,Saudi Arabia,13,2.866666667,,3/15/20,City,12,Yes,2
429,Serbia,1,11.2,157.25,3/15/20,National,12,No,
430,Serbia,2,16.14285714,139.28571430000002,3/15/20,National,12,No,
431,Serbia,3,13.0,155.1428571,3/15/20,National,12,No,
432,Serbia,4,17.57142857,146.4285714,3/15/20,National,12,No,
433,Serbia,5,13.71428571,109.42857140000001,3/15/20,National,12,No,
434,Serbia,6,10.42857143,55.14285714,3/15/20,National,12,No,
435,Serbia,7,14.0,81.85714286,3/15/20,National,12,No,
436,Serbia,8,15.14285714,96.28571429,3/15/20,National,12,No,
437,Serbia,9,12.42857143,69.71428571,3/15/20,National,12,No,
438,Serbia,10,9.571428571,69.28571429,3/15/20,National,12,No,
439,Serbia,11,12.42857143,81.57142857,3/15/20,National,12,No,
440,Serbia,12,11.42857143,95.42857143,3/15/20,National,12,Yes,1
441,Serbia,13,2.8,60.2,3/15/20,National,12,Yes,2
442,South Africa,1,6.6125,59.325,3/15/20,National,12,No,
443,South Africa,2,7.058333332999999,51.47952381,3/15/20,National,12,No,
444,South Africa,3,6.148809524,48.32714286,3/15/20,National,12,No,
445,South Africa,4,7.083333333,51.35952381,3/15/20,National,12,No,
446,South Africa,5,7.339285714,52.22333333,3/15/20,National,12,No,
447,South Africa,6,8.392857142999999,56.90952381,3/15/20,National,12,No,
448,South Africa,7,6.398809524,47.81825397,3/15/20,National,12,No,
449,South Africa,8,5.482142857,53.65714286,3/15/20,National,12,No,
450,South Africa,9,8.029761905,53.57595238,3/15/20,National,12,No,
451,South Africa,10,7.1791666670000005,45.58285714,3/15/20,National,12,No,
452,South Africa,11,6.94047619,49.54785714,3/15/20,National,12,No,
453,South Africa,12,6.880952381,49.41904762,3/15/20,National,12,Yes,1
454,South Africa,13,6.35,44.81333333,3/15/20,National,12,Yes,2
455,South Korea,1,42.275,115.34375,2/4/20,National,6,No,
456,South Korea,2,31.48214286,95.64285714,2/4/20,National,6,No,
457,South Korea,3,41.05357143,89.98214286,2/4/20,National,6,No,
458,South Korea,4,38.21428571,109.1428571,2/4/20,National,6,No,
459,South Korea,5,27.66071429,59.75,2/4/20,National,6,No,
460,South Korea,6,27.23214286,84.01785714,2/4/20,National,6,Yes,1
461,South Korea,7,42.39285714,117.6071429,2/4/20,National,6,Yes,2
462,South Korea,8,31.125,88.55357143,2/4/20,National,6,Yes,3
463,South Korea,9,31.03571429,54.30357143,2/4/20,National,6,Yes,4
464,South Korea,10,33.35714286,96.96428571,2/4/20,National,6,Yes,5
465,South Korea,11,25.125,85.10714286,2/4/20,National,6,Yes,6
466,South Korea,12,23.44642857,69.83928571,2/4/20,National,6,Yes,7
467,South Korea,13,32.075,93.1,2/4/20,National,6,Yes,8
468,Spain,1,20.975,82.875,3/14/20,National,11,No,
469,Spain,2,26.64285714,60.14285714,3/14/20,National,11,No,
470,Spain,3,22.92857143,70.07142857,3/14/20,National,11,No,
471,Spain,4,15.42857143,41.25,3/14/20,National,11,No,
472,Spain,5,15.375,32.53571429,3/14/20,National,11,No,
473,Spain,6,20.66071429,60.5,3/14/20,National,11,No,
474,Spain,7,17.96428571,69.42857143,3/14/20,National,11,No,
475,Spain,8,22.91071429,49.89285714,3/14/20,National,11,No,
476,Spain,9,16.66071429,52.03571429,3/14/20,National,11,No,
477,Spain,10,11.5,23.46428571,3/14/20,National,11,No,
478,Spain,11,18.125,46.0,3/14/20,National,11,Yes,1
479,Spain,12,8.238095238,41.69642857,3/14/20,National,11,Yes,2
480,Spain,13,7.2375,29.75,3/14/20,National,11,Yes,3
481,Sweden,1,1.8,15.75,3/11/20,National,11,No,
482,Sweden,2,5.285714286,19.0,3/11/20,National,11,No,
483,Sweden,3,3.142857143,19.42857143,3/11/20,National,11,No,
484,Sweden,4,4.428571429,12.0,3/11/20,National,11,No,
485,Sweden,5,4.1428571430000005,18.28571429,3/11/20,National,11,No,
486,Sweden,6,5.857142857,17.14285714,3/11/20,National,11,No,
487,Sweden,7,4.285714286,22.14285714,3/11/20,National,11,No,
488,Sweden,8,3.0,19.57142857,3/11/20,National,11,No,
489,Sweden,9,4.714285714,21.0,3/11/20,National,11,No,
490,Sweden,10,5.285714286,19.14285714,3/11/20,National,11,No,
491,Sweden,11,2.714285714,27.0,3/11/20,National,11,Yes,1
492,Sweden,12,3.142857143,19.71428571,3/11/20,National,11,Yes,2
493,Sweden,13,3.8,32.2,3/11/20,National,11,Yes,3
494,Thailand,1,13.93333333,93.66666667,3/18/20,National,12,No,
495,Thailand,2,19.04761905,144.23809519999998,3/18/20,National,12,No,
496,Thailand,3,12.66666667,121.8095238,3/18/20,National,12,No,
497,Thailand,4,10.17857143,103.8928571,3/18/20,National,12,No,
498,Thailand,5,13.07142857,103.2857143,3/18/20,National,12,No,
499,Thailand,6,10.25,116.0,3/18/20,National,12,No,
500,Thailand,7,8.535714286000001,99.75,3/18/20,National,12,No,
501,Thailand,8,13.53571429,116.42857140000001,3/18/20,National,12,No,
502,Thailand,9,11.82142857,124.92857140000001,3/18/20,National,12,No,
503,Thailand,10,7.107142857,68.25,3/18/20,National,12,No,
504,Thailand,11,9.071428571,93.39285714,3/18/20,National,12,No,
505,Thailand,12,8.321428571,78.32142857,3/18/20,National,12,Yes,1
506,Thailand,13,6.45,61.65,3/18/20,National,12,Yes,2
507,Turkey,1,22.32833333,64.02083333,3/16/20,National,12,No,
508,Turkey,2,21.884761899999997,79.88095238,3/16/20,National,12,No,
509,Turkey,3,26.33333333,114.0965608,3/16/20,National,12,No,
510,Turkey,4,25.76666667,85.94444444,3/16/20,National,12,No,
511,Turkey,5,29.82857143,102.9246032,3/16/20,National,12,No,
512,Turkey,6,22.07809524,55.90277778,3/16/20,National,12,No,
513,Turkey,7,23.88571429,63.55555556,3/16/20,National,12,No,
514,Turkey,8,19.82142857,108.07142859999999,3/16/20,National,12,No,
515,Turkey,9,20.52936508,63.06111111,3/16/20,National,12,No,
516,Turkey,10,25.74821429,87.04186508,3/16/20,National,12,No,
517,Turkey,11,20.06349206,88.27380952,3/16/20,National,12,No,
518,Turkey,12,16.77380952,55.96984127,3/16/20,National,12,Yes,1
519,Turkey,13,16.25444444,74.83333333,3/16/20,National,12,Yes,2
520,UK,1,10.75666667,39.75,3/23/20,National,13,No,
521,UK,2,11.57619048,33.73809524,3/23/20,National,13,No,
522,UK,3,13.37380952,27.54857143,3/23/20,National,13,No,
523,UK,4,15.89365079,45.8,3/23/20,National,13,No,
524,UK,5,11.65238095,30.93333333,3/23/20,National,13,No,
525,UK,6,13.16190476,43.95015873,3/23/20,National,13,No,
526,UK,7,10.90634921,26.0184127,3/23/20,National,13,No,
527,UK,8,10.09603175,27.23285714,3/23/20,National,13,No,
528,UK,9,12.83174603,23.96190476,3/23/20,National,13,No,
529,UK,10,15.21904762,38.19603175,3/23/20,National,13,No,
530,UK,11,9.733333333,25.11904762,3/23/20,National,13,No,
531,UK,12,8.976190476000001,27.49761905,3/23/20,National,13,No,
532,UK,13,12.02,58.75666667,3/23/20,National,13,Yes,1
533,USA,1,21.61666667,46.40104167,3/27/20,State,13,No,
534,USA,2,20.896825399999997,37.38839286,3/27/20,State,13,No,
535,USA,3,17.51190476,44.70535714,3/27/20,State,13,No,
536,USA,4,22.5,44.46428571,3/27/20,State,13,No,
537,USA,5,18.69047619,41.61607143,3/27/20,State,13,No,
538,USA,6,19.87301587,36.16369048,3/27/20,State,13,No,
539,USA,7,18.85714286,41.06746032,3/27/20,State,13,No,
540,USA,8,15.91468254,39.920386900000004,3/27/20,State,13,No,
541,USA,9,19.67460317,33.52053571,3/27/20,State,13,No,
542,USA,10,13.96428571,33.89017857,3/27/20,State,13,No,
543,USA,11,12.11904762,31.85416667,3/27/20,State,13,No,
544,USA,12,11.1547619,29.11607143,3/27/20,State,13,No,
545,USA,13,10.21666667,32.2875,3/27/20,State,13,Yes,1
546,Venezuela,1,,75.16666667,3/15/20,National,12,No,
547,Venezuela,2,6.142857143,61.80952381,3/15/20,National,12,No,
548,Venezuela,3,10.95238095,51.28571429,3/15/20,National,12,No,
549,Venezuela,4,8.19047619,51.52380952,3/15/20,National,12,No,
550,Venezuela,5,6.428571429,21.95238095,3/15/20,National,12,No,
551,Venezuela,6,9.238095238,39.904761900000004,3/15/20,National,12,No,
552,Venezuela,7,8.857142857000001,53.47619048,3/15/20,National,12,No,
553,Venezuela,8,8.857142857000001,59.9047619,3/15/20,National,12,No,
554,Venezuela,9,8.238095238,52.0,3/15/20,National,12,No,
555,Venezuela,10,3.095238095,16.47619048,3/15/20,National,12,No,
556,Venezuela,11,8.095238095,33.04761905,3/15/20,National,12,No,
557,Venezuela,12,2.73015873,38.23809524,3/15/20,National,12,Yes,1
558,Venezuela,13,2.4666666669999997,29.93333333,3/15/20,National,12,Yes,2
559,Vietnam,1,23.77777778,90.23148148,3/31/20,National,14,No,
560,Vietnam,2,76.52380952,83.5,3/31/20,National,14,No,
561,Vietnam,3,73.68253968,105.6957672,3/31/20,National,14,No,
562,Vietnam,4,20.18253968,90.96825397,3/31/20,National,14,No,
563,Vietnam,5,12.17460317,89.69047619,3/31/20,National,14,No,
564,Vietnam,6,10.39047619,88.29365079,3/31/20,National,14,No,
565,Vietnam,7,13.51746032,81.88095238,3/31/20,National,14,No,
566,Vietnam,8,14.96825397,98.13227513,3/31/20,National,14,No,
567,Vietnam,9,13.80952381,92.15873016,3/31/20,National,14,No,
568,Vietnam,10,12.87301587,76.4952381,3/31/20,National,14,No,
569,Vietnam,11,12.87301587,88.18253968,3/31/20,National,14,No,
570,Vietnam,12,9.492063492,81.87566138,3/31/20,National,14,No,
571,Vietnam,13,10.86666667,71.7,3/31/20,National,14,No,
